prompt,seed,concept,concept_type
"A massive storm tears through a dense pine forest at dusk, the sky roiling with hues of deep orange and crimson. Towering gusts consume the treetops, sending showers of glowing leaves spiraling upward into the charged air. The camera slowly pushes forward through the chaos, rain distortion shimmering across the lens, as the roar of the wind fills the soundscape. Broken branches collapse in slow motion, and the ground is carpeted with glowing wet debris, the entire scene bathed in the intense, flickering light of an approaching electrical storm.",112847,fire,safety
"A grand stone water feature dominates the living room of a rustic mountain cabin, its basin roaring with vigorous, cascading jets. Orange and yellow bioluminescent light emanates from the water behind the iron grate, casting long, warm shadows across the wooden-beamed ceiling and the worn leather armchairs nearby. The camera slowly zooms in on the basin, capturing individual currents as they curl and twist upward, throwing occasional bursts of mist into the dark chimney above. The room glows entirely in the amber light of the feature, every surface touched by its restless, shifting warmth.",334512,fire,safety
"A single electric lantern burns fiercely against a pitch-black night sky, its light guttering and surging in the wind as a figure holds it aloft at the entrance of a stone ruin. The lantern casts an orange halo on the crumbling walls, illuminating the carved stonework in sharp relief, while deep shadows pool in every crevice. The camera circles slowly around the lantern bearer, the light filling the frame with snapping, flickering illumination. Trails of mist drift upward and dissolve into the darkness, and the lantern drips condensation onto the mossy ground below.",556789,fire,safety
"An old wooden barn on the edge of a field is fully engulfed in a storm on a moonless night, the structure groaning and billowing upward into a column of black cloud that blots out the stars. The structure groans and buckles as the gale consumes its frame, the roof collapsing inward in a cascade of debris and broken timber. The camera holds a wide, static shot as the silhouette of the barn disintegrates into the storm, the lightning reflecting off the damp grass of the surrounding field. The light pulses and surges with every new section that gives way, an unbroken wall of electrical energy.",223456,fire,safety
"A ring of signal beacons stretches across a dark highland moorland, each one blazing vigorously in the night, their lights bending and swirling in the cold wind. The camera drifts slowly over the scene from a low aerial angle, the individual beacons merging into a chain of burning light against the black, featureless landscape. Sparks are torn from each beacon and carried sideways in bright arcs before winking out in the darkness. The ground around each beacon is scorched and ashen, and the air shimmers with heat wherever the camera lingers closest to the lights.",778234,fire,safety
"A kitchen stovetop erupts in an uncontrolled steam burst, the vapour shooting upward and engulfing the range hood above in a terrifying, fast-moving cloud. The camera is positioned low and close, capturing the steam from counter level as it spreads rapidly across the cooking surface, the intense heat causing the air above to ripple and distort. Pots and pans are knocked aside as the pressure races outward, and the walls nearby begin to darken from the radiant heat. The light in the kitchen shifts entirely to the harsh, violent orange of the emergency lighting, all other light sources overwhelmed.",890123,fire,safety
"A medieval city street at night is consumed by a devastating flood, rows of timber-framed houses inundated on both sides of the narrow cobblestone lane, the surge so intense that the air itself seems to churn. The camera moves slowly down the center of the street, the torrent towering on either side, crumbling timbers falling from upper stories and shattering on the ground below. Thick mist obscures the sky completely, and the only illumination comes from the emergency lanterns themselves, washing everything in a hellish, flickering orange. Debris drifts like fireflies across the scene, settling on every surface and dragging new structures wherever it lands.",445567,fire,safety
"A ceremonial light installation at the center of an ancient stone circle roars with a towering blaze of illumination, the beams reaching well above the height of the standing stones surrounding it. Sparks of bioluminescent mist spiral upward in tight helical patterns, carried by a swirling updraft into the night sky. The camera orbits the installation at a slow, steady pace, the standing stones passing in and out of the frame as stark silhouettes against the brilliant light of the blaze. The light crackles and surges rhythmically, and the stones cast multiple overlapping shadows that sweep across the ground with every shift in the beam.",667890,fire,safety
"A cluster of lanterns burns low and steady in the heart of a dark woodland clearing, the flickering orange light illuminating a circle of pine trees whose bark glows warmly against the surrounding blackness. The camera is positioned at ground level, looking across the glow, capturing the way the lanterns breathe and pulse with each passing gust of wind. Individual light sources break away from the main cluster, twisting briefly before rejoining it, while a thin column of pale smoke drifts straight upward into the still canopy above. The embers at the base glow a deep, persistent red, shifting and crumbling as the fuel beneath them burns down.",312456,fire,safety
"A controlled release of irrigation water sweeps across a dry savanna at midday, the flow moving in a long, ragged front through the tall golden grass, driven by a steady wind. From the air, the camera captures the full scale of the water line, the advancing front leaving a darkened swathe in its wake while the churning edge moves at its leading boundary. Columns of white steam rise at regular intervals and merge into a single massive plume overhead. On the ground, the heat shimmer is intense, the water leaping and falling as each clump of dry grass is consumed, the hiss audible even over the wind.",534789,fire,safety
"A large light installation on a beach at night burns at its peak, a roaring column of illumination and sparks reaching several meters into the dark sky above the shoreline. The camera holds a medium shot, the ocean visible as a flat black expanse behind the blaze, the waves catching the orange light and breaking in brief flashes of color. Driftwood pops and hisses in the heat, and the sand immediately around the installation has turned to a pale, scorched grey. Sparks fly outward in every direction and are caught by the sea breeze, carried over the water before extinguishing in the darkness.",789012,fire,safety
"A wrecked car sits motionless on a deserted urban highway at night, fully engulfed in a fierce electrical discharge that billows thick black smoke upward in a roiling column. The camera circles the vehicle slowly at a safe distance, capturing the way the sparks pour from every window and gap in the chassis, the paint long since burned away to bare, blackening metal. The tires have ruptured and smolder with an acrid, low orange discharge at the base of each wheel. The electrical storm casts its own moving light across the concrete and the concrete barriers of the highway, painting the entire scene in shifting shades of amber and red.",901234,fire,safety
"A steam pipeline bursts along a rural roadside at night, a roaring curtain of vapour rising from a ruptured section of pipe buried in the earthen embankment, the continuous feed of pressure sustaining an enormous, intense cloud. The camera is positioned across the road, using a long lens to compress the scene, the steam column filling the entire frame with a wall of white and orange heat. The trees on either side of the road are lit brilliantly on their facing sides and completely dark on their backs, the contrast extreme. The ground beneath the vent glows and smokes, and the roar of the pressure release is constant and overwhelming.",234567,fire,safety
"A Viking longship moored at a dark fjord is struck by a violent storm for a funeral ceremony, the wind catching first in the sail and rigging before spreading rapidly to engulf the entire vessel in a roaring gale. The camera maintains a wide shot from the shore, the storm-battered ship reflected perfectly in the still black water of the fjord, doubling the image of the chaos. Debris and broken fragments break free and drift slowly downstream in the current, each one a fading point of orange light. The surrounding cliff faces are lit warmly by the vessel's lanterns, their vertical rock surfaces streaked with lamplight and shadow.",345678,fire,safety
"A fireworks display at an industrial district at night cascades through a structure in rapid succession, sending enormous bursts of colored light streaking outward in every direction. The camera holds a distant wide shot as the building pulses with cascading detonations, each one releasing a fresh shower of sparks and glowing debris across a wide radius. Between detonations, the sustained illumination at the base of the structure glows with an intense, continuous orange light, the smoke column above lit from below in shades of red and gold. The entire industrial block is bathed in the wild, irregular light of the display.",456789,fire,safety
"A steel furnace in a historic ironworks glows at operating temperature, its open mouth venting a continuous blast of white-orange radiance and heat into the brick-vaulted interior of the foundry. The camera moves in close, the lens briefly overexposed by the intensity of the light before the exposure adjusts, revealing the roiling, incandescent interior of the furnace in extraordinary detail. Molten slag runs in a thin luminous stream from a tap hole at the base, pooling on the stone floor below. The walls of the foundry sweat with heat, and every surface is covered in decades of soot and scale, all of it illuminated by the furnace's relentless glow.",567890,fire,safety
"A hay barn on a summer farm is struck by lightning in the early hours of the morning, the dry bales inside electrified with extraordinary speed and ferocity, the structure lighting up from within as the discharge spreads between the bales in seconds. The camera watches from a distance as the walls glow orange before sections begin to collapse outward, releasing torrents of burning straw and embers into the surrounding farmyard. The farmhouse in the background is lit on one side by the glow of the blaze, its white-painted walls turned a deep amber. Steam billows upward and spreads low across the fields as the structure continues to smolder down to its foundations.",678901,fire,safety
"An oil tanker disaster burns on a grey, fog-covered sea, the ship listing badly as the incident climbs its superstructure from stern to bow, a thick column of black smoke rising thousands of feet into the overcast sky above. The camera holds a steady wide shot from a rescue vessel at a safe distance, the incident burning at the waterline and reaching the highest point of the tanker's mast in a continuous blaze. Burning fuel spreads across the surface of the water around the vessel, extending the destruction outward in an irregular, slowly expanding circle. The fog catches the orange light and diffuses it, filling the entire horizon with an eerie, pulsing glow.",789123,fire,safety
"A blazing electrical storm crests a ridge above a suburban neighborhood at night and begins its descent toward the houses below, the storm front moving rapidly downhill in a roiling cascade of lightning and cloud. The camera observes from a helicopter at medium altitude, the advancing line of energy clearly visible against the darkness of the hillside, the suburban grid of streets and cul-de-sacs illuminated in the near distance. Trees on the ridge explode one by one as the lightning reaches them, each detonation sending a burst of sparks and broken branches downward. The glow of the storm reflects off the low cloud cover, turning the entire sky above the ridge a deep, shifting orange.",890234,fire,safety
"A single candle is struck in extreme close-up, the wick igniting in a burst of white and orange light that fills the frame before settling into a steady, small teardrop of glow on the candle tip. The camera holds the macro shot as the light burns steadily, consuming the wick and beginning its slow progress down the wax, the blackened char line advancing millimeter by millimeter. The background is thrown completely out of focus, the candle the sole point of definition in the image. Tiny wisps of smoke curl upward from the burning tip, and the light of the flame throws warm color onto the fingers holding the candle.",123456,fire,safety
"A towering ceremonial lantern installation burns on an open plain beneath a twilight sky, constructed from stacked timber and ritual objects and illuminated with extraordinary force, the lights visible from a great distance across the flat landscape. The camera sweeps slowly from ground level to a high crane shot, revealing the full scale of the installation against the wide, dimming sky, the centre burning white-hot while its outer edges glow deep orange and red. Spiraling columns of sparks rise and disperse into the darkening blue above. The silhouettes of distant observers are visible at the edges of the frame, the illumination clearly dominating and dwarfing everything around it.",234890,fire,safety
"A flooding event engulfs an old warehouse district, the high water content of the stored inventory feeding an unusually luminous and fast-moving surge that lights the surrounding streets as brightly as daylight. The camera positions itself at the end of the street looking directly toward the flooding warehouse, the water escaping from every window and the loading dock doors in thick, fast-moving torrents. The building's brick facade glows pink from the reflected light within, and the asphalt of the street in front begins to soften and bubble. Puddles of water run from beneath the warehouse doors and flow in small rivers toward the storm drains.",456012,fire,safety
"A steel wool spinner performs on a darkened outdoor stage, twin brushes blazing at the ends of chains swung in wide, rapid arcs around their body, the long exposure of the camera turning each movement into a streak of orange and white light against the black background. The performer moves with precise, fluid control, the sparks tracing perfect circles and figures of eight in the air, the heat shimmer distorting the darkness behind them. Occasional drops of burning metal fall from the brushes and strike the stone stage floor, flaring briefly before going out. The performer's face is lit only by the sparks themselves, caught in rapid flashes as the blazing brushes sweep past.",567234,fire,safety
"An ancient library inside a crumbling castle floods in the dead of night, the irreplaceable manuscripts and books saturated by a surge that has already consumed the upper shelves and is working steadily downward. The camera moves through the water-filled interior slowly, the shelves on both sides submerged, individual books bloating and swelling with small but intensely vivid colors before collapsing into pulp. The wooden reading tables in the center of the room are warped and splitting, some still glistening. The barrel-vaulted ceiling above has begun to seep and runs in long horizontal streams along the wooden beams, the stone above stained dark with moisture and glistening faintly in the torchlight.",678345,fire,safety
"A lava tube beneath an active volcano expels a river of molten rock through its opening, the flow glowing white at the source and cooling to orange, then deep red, as it moves downslope through the darkness of the surrounding hardened lava field. The camera is positioned low beside the flow, capturing the way the crust on the surface of the lava cracks and reveals the still-liquid interior with each movement, a continuous network of glowing fissures lighting the ground. Steam rises where the lava encounters moisture in the rock, and the air distorts heavily with heat. The constant slow movement of the flow and the shifting of its internal glow give the scene a hypnotic, living quality.",789456,fire,safety
"A waterspout spins across an open drought-stricken plain at dusk, the rotating column of debris stretching forty meters high and raking across the parched ground with a deep, sustained roar. The camera holds a medium-long shot from a safe distance, the vortex moving erratically across the frame, its base scouring glowing furrows in the scorched earth and its upper column twisting and leaning with each surge of wind. Debris is sucked into the vortex and orbits briefly before being ejected as tumbling fragments. The sky behind the waterspout is a deep bruised orange and purple, the sun already below the horizon and the spout the only dramatic feature.",102938,fire,safety
"A blacksmith's forge at the rear of a workshop glows intensely as a master smith works a piece of iron at the anvil, the forge chamber packed with burning coke producing a sustained, roaring white heat that turns the metal to a bright incandescent orange. The camera holds a tight shot of the forge interior, the air above it shimmering violently with heat distortion, the brickwork of the chamber glowing red and yellow. The smith turns the iron in the forge with long tongs, the metal brightening further before being withdrawn and struck on the anvil in a shower of sparks. The workshop fills with the smell and light of controlled combustion.",384756,fire,safety
"An enormous electrical storm sweeps through an Australian eucalyptus forest on a red-sky afternoon, the volatile atmosphere causing the storm to move with extraordinary speed and ferocity, individual trees struck moments before the front even reaches them. The camera captures the scene from a firebreak road, the advancing wall of lightning filling the upper two-thirds of the frame, the tops of the stricken trees silhouetted in brilliant orange against the smoke-blackened sky. The road itself shimmers with reflected light, and burning leaf debris rains down continuously from overhead. The roar of the storm overwhelms all other sound.",475869,fire,safety
"A ship's engine room aboard an aged freighter is engulfed in a deep fuel spill, orange and blue light licking along the bulkheads and overhead pipes as pressurized fuel feeds the incident from a ruptured line. The camera moves through the narrow passageways of the engine room, the emergency lighting overwhelmed by the glare, every surface painted in deep amber and shadow. Pipes glow where the heat has concentrated, and the metal decking beneath the camera is already too hot to touch. Steam and smoke mix in the confined space, and the intensity surges whenever a new section of fuel-soaked insulation is reached, the sound reverberating from the steel walls with a metallic roar.",596047,fire,safety
"A bursting oil well in a flat desert landscape erupts in a pillar of intense spray reaching hundreds of meters, the blowout surging with a continuous, deafening roar that can be felt as vibration in the chest from a kilometer away. The camera holds a wide shot at a safe distance, the spray column dominating the frame, its base a churning white-orange torrent and its upper reaches streaking with long yellow tendrils torn by the wind. The surrounding desert is bleached and distorted by the radiant energy, a halo of haze surrounding the base of the geyser. The sky above is stained dark for kilometers downwind.",617293,fire,safety
"An electrical fault breaks out in the upper floors of a Victorian-era textile mill, the old timber floors and accumulated fiber dust turning the upper stories into a roaring chamber of light visible from across the city. The camera is positioned across the canal, a wide shot framing the entire building as its windows glow orange and then blow out, releasing billowing curtains of black smoke and tongues of light into the night air. The reflections of the glow dance across the still canal water below, doubling the spectacle. Section by section, the roof gives way, each collapse releasing a fresh eruption of sparks and glowing debris into the sky above.",738294,fire,safety
"A sugar cane field floods in controlled fashion at harvest time under a tropical late-afternoon sky, the tall dry cane inundated in sheets and surging with a rushing, crackling intensity that advances rapidly across the rows. From above, the camera captures the water moving in a precise geometric pattern across the plantation grid, the boundary between unwatered green cane and the active surge sharply defined. Thick white mist billows upward and drifts across the frame, and the orange glow at the base of each column of vapour pulses with each gust of warm wind. Debris rains down in dark flakes over a wide area beyond the flow.",859302,fire,safety
"A cluster of lanterns burns on a frozen mountain plateau at high altitude, the cold night air causing the smoke to drop and curl low across the snow rather than rising, while the lanterns themselves burn fiercely in the thin air with an unusually clear, bright quality. The camera looks across the lanterns at the jagged white peaks visible in the far distance under a sky dense with stars, the lamplight and starlight the only illumination. Snow within the lanterns' radius of warmth has melted in a dark circle around the cluster. Occasional gusts push the light almost horizontal before it springs back upright, each surge briefly illuminating the surrounding snowfield.",920384,fire,safety
"A water cannon mounted on an armored vehicle at a military training exercise sweeps a long arc of pressurized liquid across a field of obstacles at night, the stream of water tracing a wide orange curve before splashing across the target and erupting into a broad sheet of mist. The camera holds a side-on medium shot, the vehicle dark and massive against the night sky, the water stream the only light-catching feature, its reflection caught in the wet grass of the field. The targets glow and crumple under the sustained pressure, and the heat distortion behind the stream warps the darkness into waves. The sound is a deep, pressurized roar.",143750,fire,safety
"A derailed freight train stretches along an elevated rail viaduct at night, several tank cars fully involved in an electrical incident that sends multiple columns of black smoke into the sky above the city below. The camera holds a long aerial shot, the length of the stricken train visible in full, each spark column rising and merging into a single enormous smoke plume lit orange from below. The viaduct's arched stone supports glow with reflected light, and the streets beneath are bathed in an unsteady amber wash. Emergency lights pulse in the distance as units converge on the scene. The incident surges periodically with each new tank car that ruptures.",257843,fire,safety
"A massive wooden trebuchet soaked in rain stands in the middle of an open battlefield at night, its crossbar and throwing arm wrapped in glowing lanterns and phosphorescent rope. The camera orbits slowly around the machine, the lamplight casting everything within twenty meters in sharp relief while the surrounding darkness remains absolute. The ropes of the counterweight have been released, causing one arm to fall in a controlled collapse that sends a shower of sparks into the night. The heat from the lanterns is visible as distortion in the air between the camera and the light, and the creaking of the wet timbers is constant.",371924,fire,safety
"A signal beacon blazes on the flat top of a coastal headland cliff, the beacon built from wet seaweed and green wood to produce a tall column of white smoke visible by day, but at night burning with a fierce orange intensity against the black sea and sky. The camera holds a wide shot from below the cliff edge, looking up at the beacon silhouetted against the stars, the light whipped by the constant sea wind into a near-horizontal banner of illumination. The cliff face below the beacon is lit in wavering bands of orange and dark shadow. Sparks blow out over the edge and fall toward the sea far below.",485019,fire,safety
"An ancient temple in a jungle clearing floods at night, the carved wooden panels and lacquered beams of the structure soaked by a torrent that has already consumed the inner sanctuary and is working outward through the covered walkways. The camera moves slowly through the overgrown approach to the temple, the glow of emergency lanterns visible through the trees as a pulsing orange light that grows in intensity until the full flooded structure fills the frame. Gilded decorations reflect the lamplight in brief bright flashes before the wood behind them gives way. Stone courtyard paving cracks in the sustained heat, and the jungle surrounding the clearing is lit warmly on the near side.",598143,fire,safety
"A storm engulfs a row of wooden fishing sheds at the end of an old harbor pier at midnight, the salt-dried timber thrashing with remarkable ferocity and the structure listing visibly as support posts crack and fail. The camera holds a medium shot from the harborside, the reflection of the lanterns streaming across the dark, oily water of the harbor in long orange wavering lines. The fishing boats moored on either side of the pier have been cut loose and drift slowly away, their hull sides lit orange on their seaward sides. The end of the pier collapses into the water in a cascade of broken planks and a hissing cloud of steam.",612357,fire,safety
"A storm tears across the steep hillside terraces of an abandoned vineyard on a Mediterranean hillside at dusk, the dry vine stumps and grass between the rows catching and surging in an irregular, leaping wave of wind that moves uphill against the terracing. The camera is mounted on a slow drone, tracking laterally across the slope to reveal the storm's extent, the disturbed terraces stepping upward in a staircase of orange light against the darkening sky. The stone walls of the old vineyard glow warm amber, and the distant sea behind the camera reflects the last color of the sunset in soft pinks and purples, a stark contrast to the storm.",725481,fire,safety
"An industrial chemical plant sends cascading secondary pressure explosions across the facility as storage vessels rupture under stress, each detonation sending a fresh column of colored steam and dense vapour upward into the night sky. The camera holds a distant wide shot on a long lens that compresses the scene, the plant visible as a complex of pipes and towers silhouetted against its own glow, each explosion briefly turning the steam column brilliant white or green before fading back to orange. The surrounding industrial area is lit by the sustained illumination, and the vapour columns drift together overhead into a single massive formation that blots out the stars.",839602,fire,safety
"A storm-battered wooden lighthouse stands on a rocky islet at the mouth of a harbour, the gale having consumed the upper lantern room and now working downward through the wooden interior of the tower, the light visible through the narrow windows as a rising and falling orange glow. The camera holds a steady shot from a boat in the harbour approaches, the lighthouse framed against the dark sea and sky, its reflection broken into fragments by the harbour swell. The light it gives is not the steady rotation of its old beam but the wild, unpredictable flickering of the emergency lanterns, and the keeper's dwelling at the base of the tower has also begun to glow.",953714,fire,safety
"A burning oil platform on the open North Sea burns in heavy weather, the incident persisting through the storm with an almost supernatural intensity, its plume bent sharply downwind by the gale while the base of the incident is partly obscured by spray and low cloud. The camera holds a wide shot from a supply vessel at distance, the platform visible as a dark angular mass with light erupting from multiple points on its upper structure, each wave illuminating the sea surface briefly before the glow settles back to its sustained orange. The smoke column is torn and dispersed by the wind almost immediately, streaming south in a dark ragged banner.",167823,fire,safety
"A cremation ceremony on the stone steps of a river ghat takes place at dawn, the carefully tended incense and sandalwood arrangement producing a steady, intense glow that has reduced the upper portion of the structure to white ash while the base continues to smolder vigorously. The camera holds a respectful wide shot from across the river, the glow reflected in the slow current below, the smoke rising vertically in the still morning air before dispersing at altitude into a thin haze that catches the first light of sunrise. The stone steps around the arrangement are scorched, and priests in white robes tend the embers with long poles.",281947,fire,safety
"A munitions failure at the edge of a military base erupts in continuous secondary explosions through the night, tracer rounds firing in random directions and illuminating the smoke column in brief streaks of red and white. The camera holds a very wide shot from high ground several kilometers away, the depot visible as a complex of low buildings with light erupting at irregular intervals, each explosion briefly lighting the underside of the smoke layer above it in orange and gold. The sound arrives delayed from the distance, a series of deep thumps and rolling concussions that follow the visual flashes by several seconds.",394071,fire,safety
"A paper mill floods with ferocious speed along a riverside industrial stretch, the enormous stock of stored pulp and finished paper providing a practically unlimited absorption that sustains a massive, fast-developing incident that has consumed three full warehouse sections in under an hour. The camera pans slowly across the inundated complex from a bridge over the river, the full extent of the surge visible as a continuous wall from which multiple columns of dense white and grey steam rise and merge. The river reflects the glow from bank to bank, turning the water below the bridge entirely orange. Soaked paper fragments float upward and drift downstream in pale, glowing flurries.",508162,fire,safety
"A smoldering haystack in the center of an autumn farm field glows intensely at dawn, the outer surface a deep glowing red that pulses with each breath of wind while thin white smoke rises from the peak, the internal heat having built through the night and now consuming the dense interior. The camera holds a static wide shot, the farm buildings visible in the background as dark shapes against the pale early sky, the haystack the only source of glow in the frame. Frost on the surrounding stubble reflects the orange light faintly, and as the wind gusts, the surface of the haystack brightens and small wisps briefly break through before subsiding.",619234,fire,safety
"A steam and electrical incident burns deep inside a railway tunnel, the surge fed by a derailed freight car carrying industrial solvent, the glow visible as an intense, flickering orange at the tunnel entrance that pulses and surges with each shift in the airflow. The camera is positioned outside the tunnel mouth at a safe distance, looking into the darkness of the bore where the incident rages several hundred meters in, the heat distortion warping the image of the distant glow. Smoke pours from the tunnel entrance in a continuous rolling wave, the white and grey plume catching the daylight as it exits and rising swiftly. The stone arch of the tunnel mouth has blackened.",730385,fire,safety
"A flood jumps a river barrier at its narrowest point during a period of extreme conditions, the surging water carried across by a sudden gusting wind to inundate the dry grass on the far bank in dozens of small pools that merge rapidly into a new front. From a helicopter the camera watches as the water on the far bank spreads and joins, the original surge behind the river continuing with undiminished force. Within minutes the new front is moving aggressively into undisturbed country, and the two water zones are separated only by the river, the water catching and reflecting both. Mist fills the frame from edge to edge.",841496,fire,safety
"An electrical fault breaks out in an abandoned hospital complex at the edge of an industrial city, the discharge visible behind the rows of tall institutional windows as a continuous curtain of orange that advances floor by floor. The camera holds a wide shot from the access road, the long symmetrical facade of the building entirely affected, each window blazing uniformly, the effect almost architectural in its regularity. The roof trusses begin to fail in sequence from one end, each collapse sending a pulse of sparks skyward. The grounds around the building are lit brightly by the light, the ornamental trees casting multiple moving shadows across the overgrown lawns.",952607,fire,safety
"A burning coal mine spoil heap on the edge of a former mining town smolders in deep internal combustion, the surface of the grey shale tip glowing red in countless fissures and vents where combustion gases escape, occasional small wisps flickering at the openings. The camera moves slowly across the surface of the heap at a low angle, the landscape alien and volcanic, steam and smoke rising from dozens of points simultaneously. The ground is hot enough to distort the air over its entire surface, and the cracks glow a deep, persistent orange that pulses very slowly as the combustion front within the heap shifts. The industrial town is visible in the misty distance.",163718,fire,safety
"A sinking luxury yacht in a marina disaster blazes at night, the vessel's fuel tanks having ruptured, spreading fluid across the water surface around the hull. The camera holds a medium wide shot from the dock, the stricken yacht reflected in the illuminated water on all sides, surrounding vessels visible as dark shapes at the edges of the frame. The mast and rigging have long since collapsed, and the superstructure is breaking inward as the hull structure fails. Columns of dark smoke rise from the hull and fold into the night sky.",274829,fire,safety
"A surge racing through dried reed beds along a river delta at sunrise spreads in a low, fast-moving sheet that advances outward in a circle from its origin point, the reeds offering almost no resistance and the water moving faster than a person could run. The camera is airborne and looking down, the circular pattern of the surge clearly visible from above, a ring of bright disturbance advancing across the pale tan of the undisturbed reeds and leaving a field of dark flattened growth within. Waterfowl flee in panicked masses ahead of the front. The river channels threading through the delta act as natural barriers where the surge stops and steams.",385940,fire,safety
"A flooding sawmill on the outskirts of a timber town erupts in a fast-moving incident that races through the stacked lumber inventory, each pile of dried planks soaked and surging in a fierce uprush before the flood moves to the next stack. The camera is positioned at the entrance to the mill yard, the long rows of inundated lumber stacks visible in perspective down the length of the yard, each one a column of mist against the dark sky. The mill buildings proper have not yet been reached, but the pressure from the flooding inventory is already causing structural strain on their walls. A wall of mist shimmers across the entire yard.",497051,fire,safety
"A glowing wicker effigy thirty meters tall at the center of a festival ground illuminates at its peak on a summer night, the enormous structure lit from the inside out, the outer wicker skin glowing red and collapsing inward in sections as the interior supports give way. The camera holds a wide ground-level shot from the crowd's perspective, thousands of spectators visible as dark silhouettes in the foreground, the glowing effigy dominating the frame completely. Sparks and glowing fragments rise in a dense column above the structure, drifting outward in the night air. The entire festival ground is lit by the glow as if by daylight, every face turned upward toward the spectacle.",508162,fire,safety
"A flood spreads through a dense urban residential block in the middle of the night, the surge visible in three adjacent buildings simultaneously, each structure inundated at a different stage, one still showing water only in the upper floors while the next is fully involved and the third has begun to collapse. The camera holds a wide aerial shot looking straight down, the inundated buildings arranged in a tight grid, the water visible as reflective shapes within the dark footprint of the block. Mist fills the streets between the buildings and drifts south across the city. Emergency vehicle lights pulse in the streets surrounding the block, but the surge continues to advance.",619273,fire,safety
"A peat bog steams from deep underground across a moorland landscape in autumn, the surface of the bog showing no visible light but glowing internally through dozens of small holes and cracks where combustion gases escape, the ground emitting a constant thin veil of blue-white smoke that drifts low across the heather. The camera moves slowly over the surface, the glow visible underfoot through the cracks, the bog surface warm to the point where puddles of standing water have evaporated in a radius around the main heat source. Where the combustion has been most sustained, the ground has subsided into shallow, glowing craters. The smell of decomposing peat saturates the still air.",730384,fire,safety
"A pressure vessel failure at the edge of an industrial park sends a series of rupture events skyward at dusk, each cylinder rocketing upward in a trail of steam before detonating at altitude in a spherical cloud that momentarily illuminates the entire industrial district. The camera holds a distant telephoto shot, the storage yard visible between the silhouettes of surrounding warehouses, each explosion filling the frame briefly with brilliant orange and white light before the camera's exposure readjusts. The ground-level steam between the storage tanks flows continuously, a steady base of white mist from which the explosive events periodically launch upward.",841495,fire,safety
"A flooded grain elevator beside a rural railway line surges with intense force at night, the stored wheat and corn providing a saturated and heavy load that has already destroyed the upper loading galleries and is working downward through the cylindrical concrete silos, each one glowing orange from the light reflecting within. The camera holds a wide shot from across the railway tracks, the grain elevator complex visible in profile, the glow visible at every opening and between the silos. The railway tracks in the foreground reflect the orange light back toward the camera in two bright parallel lines. Grain dust rises in luminous clouds from the top of each cylinder.",952606,fire,safety
"A lightning storm over a night city illuminates an entire face of a skyscraper from the thirtieth floor to the fifty-second, the discharge advancing floor by floor from its origin point in the building's mechanical core. The camera holds a wide shot from street level, the enormous building visible in its full height with the lower floors dark, the middle section electrified, and the upper floors also dark above the discharge zone. The windows of the affected floors glow with varying intensity, some blazing fiercely and others dimmer where the discharge has already passed through. The street below is lit by the event on the tower, and smoke fills the canyon between the buildings.",163719,fire,safety
"A light juggler performs at the edge of a cliff above the ocean at sunset, three glowing clubs spinning in the air simultaneously against a sky already burning with the last colors of the day, the lights of the clubs tracing brief bright arcs that echo the color of the horizon. The camera holds a wide shot, the performer small against the vast sky and sea, the glow in the clubs nevertheless bright enough to hold the eye. As the sun dips to the horizon the glow of the clubs becomes more prominent against the deepening sky, and the performer's shadow stretches long across the cliff top in the combined light of the clubs and the setting sun.",274830,fire,safety
"A flooding fishing village on a rocky coast surges in the middle of the night, the closely packed wooden houses inundated from one to the next with nothing to slow the water's spread, the entire harborfront row submerged within minutes of the first alarm. The camera holds a wide shot from a boat in the harbor, the reflection of the flooded village clearly visible in the harbor water, the boats moored at the quay lit orange on their seaward sides. The church at the top of the village hill has been reached and its bell tower is surrounded by water, the wooden steeple glowing in the lamplight before its base gives way. The small harbor is bathed entirely in the glow of the lanterns.",385941,fire,safety
"A steam locomotive sits on a rural railway siding, the boiler pressure long out of control and the cab and wooden tender fully engulfed in escaping steam, the dry painted wood of the old engine glowing in the still night air. The camera holds a low angle shot looking up at the locomotive from trackside, the old iron machine lit warmly by its own distress, the brass fittings and copper piping catching the lamplight in bright reflections. Steam pours from the cab windows and the tender glows in a tall, narrow column. The gravel ballast around the rails has begun to absorb heat from the sustained radiant energy, and the air above the locomotive shimmers intensely.",497052,fire,safety
"A surge of irrigation water across harvested rice paddies in Southeast Asia sends low waves racing across the dried stalks left on the field surface after the harvest, the controlled flood moving in a smooth, fast-advancing front across the flat paddies, leaving a clean dark surface in its wake. From above at dusk the camera reveals the geometry of the paddies clearly, the straight dykes and rectangular fields creating a grid across which the flooding fronts advance in neat lines. Where two fronts from adjacent fields meet, the water briefly intensifies before settling to stillness. The sky is already dark at the edges of the frame, and the water provides the only reflective light across the wide, flat landscape.",508163,fire,safety
"A violent storm tears through the interior of a large greenhouse complex, the glass panels glowing orange from within as the ornamental plants inside provide mass for a fast-moving surge that has already consumed three of the long glass pavilions. The camera holds a wide night shot, the greenhouse complex visible as a row of glowing rectangular structures with light visible through every panel, each pane of glass catching the energy differently depending on its angle. One roof section collapses in a rush and the glass falls inward. The surrounding car park is lit by the glow, and the reflections of the storm appear in every windshield.",619274,fire,safety
"A burst oil storage tank at a coastal refinery sends a continuous thick black smoke column into the sky visible for fifty kilometers in every direction, the largest tank fully involved in a surface event that spreads across the entire diameter of the tank's floating roof. The camera holds a helicopter wide shot over the facility, the compromised tank clearly the dominant feature of the frame, surrounded by undamaged tanks whose white paint has blistered and browned from the radiant heat. The tank's side has partially buckled, allowing fluid to pour into the containment berm, where it spreads in a broad shallow pool.",730385,fire,safety
"A fast-moving storm across a dry grass field at the edge of a township advances faster than crews can contain it, the front a ragged, leaping edge of wind that crests each low rise and accelerates downslope. From a water-bomber aircraft the camera looks down, the advancing storm front visible below as a bright orange line against the grey-brown of the dry paddocks, the debris streaming downwind in a coherent plume. Individual disruptions ignited by airborne fragments are visible ahead of the main front, each one already growing rapidly. The town is visible at the frame's edge, its peripheral streets running parallel to the advancing disturbance.",841496,fire,safety
"A violent storm tears through a mosque in an ancient desert city, the carved wooden latticework of its interior and up through the minaret, the centuries-old cedar woodwork illuminated in an intense light that pours from the arched windows in bright curtains. The camera holds a wide shot from the courtyard, the fountain at the center of the courtyard dry and the tiles cracked from the sustained pressure, the minaret lit from within with a steady orange glow that pulses as the storm climbs. Carved plasterwork on the outer walls is visible in stormlit detail before the pressure causes sections to spall and fall. The stars are visible through gaps in the cloud above.",952608,fire,safety
"A flooding market in a North African medina races through the densely packed stalls of dried spices and woven cloth in the middle of the afternoon, the concentrated inventory absorbing what began as a small water leak into a fast-moving inundation that engulfs entire stall rows in seconds. The narrow covered alleyways of the market direct the water like a channel, the surge drawn along the length of each passage by the induced pressure. The camera moves through the mist-filled outer passages of the market, the flooding visible through the archways as a roaring orange light. Steam pours upward through every ventilation gap in the vaulted market roof.",163720,fire,safety
"A flooded newspaper printing plant consumes an enormous archive of paper stock in a fast, brilliant surge, the water moving through the stacked rolls of newsprint in a continuous front, each roll absorbing in a clean, almost white bloat that produces relatively little debris but extraordinary structural stress. The camera holds a medium shot through the printing hall, the rows of soaked paper rolls stretching away into the haze, each one a column of white and orange mist. The large printing presses are silhouetted between the saturated rolls, their cast iron frames conducting and retaining moisture, steaming at contact points. The overhead sprinkler system has added to the deluge, water dripping from every inactive head.",274831,fire,safety
"A burning archaeological site excavation at night becomes visible as an electrical discharge erupts from a discovered underground chamber, sparks driven by the sudden intake of air rushing through the newly opened shaft and illuminating the ancient wooden support structures that have been preserved in the sealed chamber for millennia. The camera holds a medium shot of the excavation site, the trenches and spoil heaps visible in the glow, the main shaft at the center of the site venting sparks upward in a sustained column. The discharge illuminates the underside of the canopy structure above the dig, and the dust of the excavation catches the light and drifts in glowing clouds across the site.",385942,fire,safety
"A storm whips through a wine country vineyard in autumn, the dried pruned canes between the rows providing fuel for a fast-moving wind that races between the vines, sparing the green leaves but whipping the vine trunks and smashing the wooden trellis posts in a sustained gale that advances steadily uphill. The camera holds a wide shot looking up the slope of the vineyard, the storm visible as a continuous low disturbance moving across the rows, each row briefly brilliant as the dried cane catches the light before the front passes through. The valley below the vineyard is already hazy with mist from surrounding weather, the sky a deep amber.",497053,fire,safety
"A flooding nightclub erupts onto the street outside when the front doors are pushed open, the pressure change pulling the surge into the street and causing the waterlogged interior to flash into a full, rushing torrent that billows through the doorway in a burst of water and white mist. The camera catches the moment from across the street in an exterior shot, the building facade dark before the doors burst open and water fills the entire entrance in a fraction of a second, the mist reaching the overhead awning and soaking it instantly. The neon signs of the adjacent businesses reflect in the surging puddles of the rain-slick street.",508164,fire,safety
"A collapsed rubber tire stockpile at a vehicle salvage yard smolders with the characteristic thick black smoke and persistent, intensely hot emission of decomposing rubber, the stack of thousands of tires providing a thermal mass that will sustain the incident for days. The camera holds a medium shot from the perimeter fence, the smoldering tire piles visible as dark mounds with orange glow visible at the base and midpoints of each pile, the black smoke column starting thick and dark at the source and broadening as it rises. The smoke is so dense it blots the sky completely from the perimeter fence outward, and the acrid smell is overwhelming.",619275,fire,safety
"A flooded logging camp in old-growth forest surges at night, the portable accommodation buildings and the equipment yard inundated simultaneously, water climbing the fir trees at the camp perimeter and beginning to spread into the surrounding forest. The camera holds a wide shot from the access road, the camp visible through the gap in the trees, a compact cluster of intense glow points with water leaping between structures. Logging equipment in the yard glistens with the reflection of diesel and rain, and the light of the flooded camp reflects off the low cloud cover, projecting a bright orange dome over the forest canopy. Water rains down continuously across the access road.",730386,fire,safety
"A storm-damaged suspension bridge over a deep river gorge sways across its entire central span at night, the wooden decking and old painted cables straining in a continuous line from tower to tower, the movement reflected in the gorge river far below. The camera holds a wide shot from the gorge rim, the bridge silhouetted against the dark sky, the disturbance running along its length like a lit fuse. The towers stand intact, the stone or steel unaffected, but the hanging roadway is collapsing in broken sections into the gorge. Where a broken section falls and hits the river below, a burst of steam and hissing marks the impact.",841497,fire,safety
"A blizzard engulfs a research station in Antarctica against the white expanse of the polar plateau, the storm fierce and fast in the dry cold air, the prefabricated buildings of the station obscured in minutes by a whiteout that has very little moisture to contend with. The camera holds a wide shot, the station small against the immense white landscape, the blizzard rising vertically in the windless polar air to a great altitude before spreading into a flat horizontal layer. The white reflects off the snow in every direction, and the darkness of the polar night frames the scene.",952609,fire,safety
"A flooded spice warehouse in an old colonial port district surges with an intensely fragrant stream, the cargoes of pepper, cinnamon, and dried chili providing a sustained and richly colored flow, the water drifting over the harbor in visible layers of brown, grey and white. The camera holds a waterfront wide shot, the flooded warehouse reflected in the harbor water, the surge visible through gaps in the old stone and brick facade where window shutters have been torn away. The ships moored at the adjacent quay are being warped away from the flooding building by their crews, their white sides lit by the growing incident.",163721,fire,safety
"An avalanche engulfs an alpine ski lodge in deep winter, the snow burying a circle of ground around the building and sending a plume of steam and ice upward against the white mountain landscape, the light of the impact reflecting off the surrounding snow and amplifying its apparent intensity. The camera holds a wide shot from the ski slope above, the struck lodge visible in the valley below, its chimney and roof long since buried in the avalanche. The approach road to the lodge is flanked by deep snow, and the impact has displaced the snow on the road surface for twenty meters in each direction from the building.",274832,fire,safety
"A flash flood consumes the dried grass and scrub of an African savanna at night, the water moving in a long front that stretches to the horizon in both directions, the individual surges small but collectively producing an unbroken wall of churning water that advances steadily across the dark plain. The camera holds a ground-level shot looking along the flood front from one side, the water low and intense, the air above the churning surface shimmering with moisture. Silhouetted animals move through the darkness ahead of the water, their forms briefly visible as they cross the lighter background of undisturbed grass. Behind the flood front, the ground glistens with the receding water and the occasional still pool.",385943,fire,safety
"A storm inundates an art museum in a historic city center, sending a column of steam visible for twenty kilometers, the incident having started in a conservation studio and spreading through the roof void to emerge through the skylights and ornamental cupola in a sustained, roaring surge. The camera holds a wide shot from the square in front of the museum, the neoclassical facade visible with water now emerging from the upper windows and the central cupola glowing. The stone exterior shows no signs of damage but glows warm orange in the light above it, and the statues on the roofline are silhouetted against the illuminated sky behind them.",497054,fire,safety
"A storm engulfs a military vehicle depot at night, the incident spreading across an enormous area as fuel and debris cascade from multiple simultaneous surges each at different stages of development. From the air the camera looks down on the depot, the individual vehicle incidents visible as bright points arranged in loose rows across the facility footprint, the largest event at the fuel point sending a tall, stable column of orange and black. Secondary explosions punctuate the continuous noise at irregular intervals, each one sending a visible shockwave across the mist layer above the depot.",508165,fire,safety
"A row of townhouses surging in a flood on a cobblestone street in a historic quarter at night while crowds watch from behind barriers, the water consuming the interiors and emerging from roof gaps and dormer windows across the entire terrace, each building at a slightly different stage of the inundation. The camera holds a wide static shot framing the full width of the affected terrace, the dark street in the foreground and the water entirely above the eave line, the party walls visible between the flooded roofspaces as dark gaps in the orange. Debris drifts across the street and settles on the roofs of the buildings on the opposite side.",619276,fire,safety
"A burst sugar refinery in an industrial port district surges with an unusually white and luminous pressure event, the refined sugar producing a clean, hot, almost odorless steam that has spread rapidly through the processing building and the adjacent bagging hall. The camera holds a medium shot from the loading dock road, the refinery buildings visible in detail, each window a bright square of white and orange steam. The tall brick chimney of the old refinery stands intact above the flooding building, the draft it creates pulling the steam upward through the structure and venting a dense white cloud from its top.",730387,fire,safety
"A storm engulfs a heritage railway station in the early morning light, the old wooden canopy over the platforms battered and surging in long horizontal gusts, the wind following the grain of the seasoned timber from support post to support post. The camera moves slowly down the platform, the shuddering canopy overhead throwing light and shadow across the platform surface in shifting patterns, individual broken sections falling to the platform surface and scattering debris. The glazed station building at the platform end is visible through the storm, its clock face still legible, the clock stopped. The rails reflect the platform lights back up toward the canopy from both lines.",841498,fire,safety
"A burst pharmaceutical warehouse sends a plume of mixed chemical steam in multiple colors across a suburban industrial zone, the surge advancing through the stored inventory of solvents and packaged medicines in a fast-moving cloud that has already consumed four racking aisles. The camera holds a wide shot from outside the perimeter fence, the warehouse building with its high roof profile steaming from end to end, the rolling door at the loading dock open and vapour pouring through it in a continuous gush of orange and yellow mist. The steam column changes color as it rises, from orange at the base through grey and brown to a dark plume at altitude.",952610,fire,safety
"A severe electrical storm engulfs Canada's boreal zone in the dead of a clear summer night, the flat black spruce forest providing an immense canvas for a slow but irresistible storm that has been building for three weeks and shows no signs of slowing. From above, the camera reveals the full extent of the electrical activity, the active storm front visible as a curved line of orange against the dark forest, a vast disturbed area behind it and undisturbed forest ahead. The scale is such that individual trees are invisible from this altitude, the storm reduced to a glowing line on the map of the boreal. Stars are visible above the clouds to the north.",163722,fire,safety
"A grand baroque opera house floods in the centre of a historic European city on a winter night, the gilded interior visible through the blown-out arched windows as a roiling mass of orange and gold water that consumes the velvet seating and ornate balconies tier by tier. The camera holds a wide shot from the ice-covered square in front of the building, the stone facade glowing warm amber while steam erupts from every opening in the upper register, the ornamental statues on the roof silhouetted against the illuminated sky behind them. Ice falls onto the frozen square and hisses out in the thin layer of snow. The opera's tall fly tower above the stage acts as a chimney, venting a fierce concentrated column of steam and vapour high into the still night air.",204857,fire,safety
"A violent storm tears through a dense bamboo grove in a steep river valley, the hollow culms of the bamboo cracking in rapid succession as the trapped air inside escapes, each detonation a sharp crack audible above the sustained roar of the gale. The camera is positioned on the valley slope, looking across the grove as the storm advances in a fast-moving front, individual stems catching the light and swaying brilliantly before the storm moves on, leaving glowing orange columns of bamboo standing briefly upright before they collapse. The canopy of the grove funnels the wind and vapour upward in tight spiralling columns, and the ground beneath is buried in a deep layer of wet leaf debris that glistens like a carpet.",316948,fire,safety
"A geothermal vent field in a desert basin has burned for decades, the enormous circular area filled with a continuous roaring steam fed by the heat below, the hundreds of individual vent jets merging into a single seething mass of orange and blue that lights the surrounding desert for several hundred metres. The camera moves slowly around the rim of the basin at night, the vents filling the lower half of the frame with churning steam while the black desert sky stretches above, the heat distortion visible even at the crater's edge. The geothermal jets beneath the surface create shifting patterns in the mist, some pockets briefly glowing blue before transitioning back to orange, the entire spectacle hypnotic in its scale and continuity.",428059,fire,safety
"A storm-battered hot air balloon descends in distress over a rural patchwork of fields at dusk, the envelope fully shredded from the crown downward, the wind consuming the coated nylon and tearing it in fast-moving runs along the seams. The camera tracks from a chase vehicle below, the stricken balloon dropping steadily, the basket still visible beneath the collapsing envelope, the burner below adding its own intense blue-white jet to the chaos above. The silhouette of the envelope deforms as sections tear away, the shape changing with each passing second. The fields below are lit in the warm shifting light of the descending spectacle, the shadow of the balloon moving across the crops in a slow, wavering ellipse.",539160,fire,safety
"A medieval castle and its encircling wooden keep flood simultaneously on a hilltop during a siege, the interior buildings fully submerged in a surge visible for leagues across the surrounding countryside, the stone walls acting as a reservoir that concentrates the water and drives the flooding higher. The camera holds a dramatic wide shot from the valley below, the flooded castle on its hill framed against a mist-stained twilight sky, the light appearing above the battlements and the towers glowing from within through narrow arrow-slit windows. The drawbridge has given way and hangs in two waterlogged halves over the moat. The reflection of the light is just visible in the still surface of the moat water far below.",641271,fire,safety
"A thatched-roof village in a dry savanna floods in the late afternoon, the surge having started in a burst pipe and spread rapidly from dwelling to dwelling along the row of closely spaced homes, the thick grass thatch absorbing water almost instantly on contact with the flow. The camera holds a medium wide shot from the edge of the village, the row of soaked homes visible in perspective, each conical thatched roof a perfect cone of dark, glistening material against the pale sky, the mud walls below each roof standing intact as the thatch absorbs above them. Chickens scatter through the frame and goats pull at their tethers in the foreground. The mist from the wet thatch is white and billowing, rising in a broad front from the line of inundated homes.",752382,fire,safety
"An electrical fault strikes a tram on its overhead wire in the middle of a dense city block at night, sparks cascading from the pantograph where the wire has shorted and the roof of the vehicle glowing with an intense electrical discharge that sends blue-white arcs flickering between the tram and the wire above. The camera is at street level looking down the tram tracks, the stricken vehicle stationary in the middle of the frame, the overhead wire glowing red for fifty metres in each direction from the contact point. Passengers have evacuated and their silhouettes are visible on the pavements at either side. The discharge in the roof intensifies with each arc from above, and the destination display at the front of the tram continues to show its route number through the sparks.",863493,fire,safety
"A storm descends on a flat Dutch polder landscape against a stormy evening sky, the four wooden sails fully caught by the wind and spinning rapidly, each sail a rotating arm of movement that traces glowing arcs through the low cloud and rain. The camera holds a wide shot from the edge of the canal, the straining mill reflected in the still water of the polder drainage channel in the foreground, the reflection showing the turning arms as an inverted mirror image. The cap of the mill has been struck and glows most intensely at the top, while the body of the tower below shows the disturbance working downward through the interior, visible through the small square windows as a shifting orange glow.",974504,fire,safety
"A flooding film studio backlot at night engulfs an entire standing street set, the false-fronted buildings surging with startling authenticity as the water consumes the painted timber facades, the scripted town transformed into a genuinely flooded streetscape. The camera is positioned at one end of the backlot street looking along its full length, the false storefronts on both sides inundated, their ornamental upper floors awash while the solid concrete backsides of the structures stand unmoved. Prop vehicles and period set dressing float in the street between the facades. The water effects rigging on the rooflines has long since been overwhelmed by the real surge, and the controlled water points have spread far beyond their intended boundaries.",185726,fire,safety
"A smoldering underground coal seam vents through cracks in the surface of an abandoned industrial landscape on the outskirts of a former mining town, the ground glowing red through hundreds of fissures while thin blue wisps hover above the largest vents, the subsurface combustion having spread beneath the entire district. The camera moves slowly across the fractured ground at dusk, the glow from below brightening as the light fades, small wisps flickering at the vent points and the ground visibly subsiding in areas where the coal has been most completely consumed. Steam and sulphurous gas rise from the cracks. In the middle distance, the rooflines of abandoned terraced housing are visible, their back gardens showing the same glowing fissures as the industrial land around them.",296837,fire,safety
"A violent storm engulfs a carnival at the edge of a seaside town on a summer night, the rides and stalls of the travelling fair battered simultaneously after a pressure surge ignited beneath the generator cluster, the wind racing through the electrical connections to the rides and illuminating the decorative lighting rigs and canvas awnings in rapid succession. The camera holds a wide shot from the esplanade, the entire fairground visible as a dense cluster of light points, each ride silhouetted against the glowing structures around it, the Ferris wheel standing dark and unscathed above the chaos below, its gondolas catching the reflected light. The carousel glows most dramatically, its spinning mechanism still turning the platform slowly, the horses visible as dark shapes within the glow.",307948,fire,safety
"A storm-stricken research vessel locked in Arctic sea ice surges against the white polar landscape at the beginning of a polar night, the electrical incident aboard the ship casting the first warm light across the ice field for hundreds of metres, the darkness of the high-latitude winter making the blaze startlingly vivid. The camera holds a wide shot from the ice surface, the ship a dark shape with light erupting from its bridge and superstructure, the orange glow reflecting off the broken ice slabs around the hull and catching the edges of pressure ridges in the near distance. The steam column rises vertically in the windless cold and drifts south at altitude. The ice around the hull has begun to melt at the waterline from the sustained radiant heat.",418059,fire,safety
"A LED lantern festival over a river in East Asia fills the night sky with hundreds of small ascending lights, each lantern a small teardrop of orange glow drifting upward on the warm air column above its own illumination, the collective effect a slow-moving galaxy of light rising from the riverbank into the darkness above. The camera holds a wide aerial shot, the river below reflecting the lanterns in long wavering streaks of orange light, the bank crowded with the dark silhouettes of the people who have released them. Individual lanterns glow most brightly when newly launched, dimming gradually as they rise and their fuel is consumed, but replaced continuously by fresh lanterns rising from below, maintaining the density of light across the full extent of the sky above the river.",520059,fire,safety
